,Date,Open,High,Low,Close,Adj Close,Volume
0,2014-05-22,21.75,22.799999,20.24,20.9,20.9,84449700
1,2014-05-23,21.25,21.25,19.940001,20.1,20.1,20890300
2,2014-05-27,20.280001,22.98,20.25,22.969999,22.969999,15338100
3,2014-05-28,22.98,25.299999,22.799999,24.780001,24.780001,16783000
4,2014-05-29,25.040001,25.690001,24.24,25.4,25.4,8525900
5,2014-05-30,25.27,25.559999,23.790001,25.0,25.0,6302800
6,2014-06-02,25.4,25.440001,24.07,24.6,24.6,3808800
7,2014-06-03,24.17,25.25,24.030001,25.1,25.1,3388500
8,2014-06-04,24.99,25.280001,24.440001,24.540001,24.540001,2990800
9,2014-06-05,24.799999,26.75,24.6,25.780001,25.780001,7933500
10,2014-06-06,26.5,27.040001,26.309999,26.58,26.58,4317500
11,2014-06-09,27.0,29.09,26.58,28.43,28.43,10659800
12,2014-06-10,28.82,28.860001,27.700001,28.35,28.35,5617200
13,2014-06-11,28.1,29.49,28.1,29.0,29.0,6555600
14,2014-06-12,29.59,29.6,26.34,27.17,27.17,9159600
15,2014-06-13,27.68,28.200001,27.129999,27.790001,27.790001,5161800
16,2014-06-16,27.219999,27.440001,26.379999,26.889999,26.889999,6160000
17,2014-06-17,27.219999,27.450001,26.629999,27.018999,27.018999,3652000
18,2014-06-18,27.440001,27.889999,26.030001,26.52,26.52,5278300
19,2014-06-19,27.0,27.0,25.799999,25.83,25.83,3716900
20,2014-06-20,25.75,25.969999,24.92,25.450001,25.450001,7613400
21,2014-06-23,25.110001,26.459999,25.1,26.370001,26.370001,5590900
22,2014-06-24,26.51,27.34,26.51,27.040001,27.040001,5737700
23,2014-06-25,27.25,27.35,26.450001,27.07,27.07,1923600
24,2014-06-26,27.139999,28.35,26.809999,28.299999,28.299999,3622300
25,2014-06-27,28.360001,28.5,27.709999,28.01,28.01,3066300
26,2014-06-30,28.17,28.530001,27.68,28.51,28.51,3986200
27,2014-07-01,29.0,31.219999,28.860001,29.690001,29.690001,12626000
28,2014-07-02,30.4,30.41,28.5,28.959999,28.959999,6108200
29,2014-07-03,29.280001,29.35,27.530001,27.790001,27.790001,4398200
30,2014-07-07,28.01,28.73,27.450001,27.629999,27.629999,3826200
31,2014-07-08,28.08,28.08,25.809999,26.469999,26.469999,6454700
32,2014-07-09,27.09,27.15,26.049999,26.360001,26.360001,4549900
33,2014-07-10,25.83,27.796,25.280001,27.700001,27.700001,4717600
34,2014-07-11,27.51,27.9,26.85,27.040001,27.040001,3315400
35,2014-07-14,27.629999,28.23,27.5,28.040001,28.040001,2850400
36,2014-07-15,28.200001,28.4,27.75,28.209999,28.209999,3427000
37,2014-07-16,28.5,29.299999,28.299999,29.110001,29.110001,3785400
38,2014-07-17,28.82,29.389999,27.5,27.559999,27.559999,3749200
39,2014-07-18,27.74,28.33,27.5,27.82,27.82,1993900
40,2014-07-21,27.67,28.66,27.67,28.540001,28.540001,2098800
41,2014-07-22,28.84,29.379999,28.5,28.73,28.73,2304200
42,2014-07-23,28.889999,29.059999,27.809999,27.879999,27.879999,2476900
43,2014-07-24,28.0,29.23,27.9,29.049999,29.049999,2733300
44,2014-07-25,29.1,29.48,28.5,29.030001,29.030001,3872000
45,2014-07-28,29.26,30.35,29.07,29.49,29.49,5040700
46,2014-07-29,29.83,30.219999,29.5,29.620001,29.620001,3316500
47,2014-07-30,30.059999,30.1,29.02,29.07,29.07,3085100
48,2014-07-31,28.5,28.9,28.1,28.58,28.58,2979500
49,2014-08-01,28.549999,28.790001,27.299999,27.940001,27.940001,4572400
50,2014-08-04,28.200001,28.299999,27.559999,27.790001,27.790001,5315300
51,2014-08-05,27.700001,28.186999999999998,27.5,27.73,27.73,2893700
52,2014-08-06,27.559999,27.73,27.299999,27.51,27.51,2412100
53,2014-08-07,27.75,28.07,27.379999,27.48,27.48,3863500
54,2014-08-08,27.84,28.379999,27.6,28.360001,28.360001,3737900
55,2014-08-11,28.799999,29.0,28.09,28.209999,28.209999,4218700
56,2014-08-12,28.299999,28.98,28.299999,28.77,28.77,2742600
57,2014-08-13,28.950001,30.559999,28.950001,30.469999,30.469999,8378200
58,2014-08-14,30.4,30.700001,29.709999,30.01,30.01,5536900
59,2014-08-15,28.690001,30.700001,28.1,29.58,29.58,10580600
60,2014-08-18,30.075001,30.610001,29.52,30.040001,30.040001,6617900
61,2014-08-19,30.42,31.809999,29.889999,30.209999,30.209999,10274700
62,2014-08-20,30.08,31.15,30.07,30.93,30.93,4141000
63,2014-08-21,31.02,31.450001,30.530001,30.82,30.82,4314800
64,2014-08-22,30.809999,31.200001,30.809999,30.959999,30.959999,2418200
65,2014-08-25,31.309999,31.450001,30.74,31.34,31.34,3470900
66,2014-08-26,31.190001,32.080002,31.120001,32.009998,32.009998,5343000
67,2014-08-27,31.85,33.099998,31.83,32.639999,32.639999,7758900
68,2014-08-28,32.299999,32.310001,31.379999,31.440001,31.440001,6761400
69,2014-08-29,31.540001,32.07,31.299999,31.92,31.92,3442200
70,2014-09-02,32.0,32.349998,30.32,31.07,31.07,7451100
71,2014-09-03,31.5,31.549999,30.57,30.809999,30.809999,2753800
72,2014-09-04,30.809999,31.469999,29.679001,30.26,30.26,3774500
73,2014-09-05,30.34,30.42,28.9,29.030001,29.030001,7136500
74,2014-09-08,29.0,29.6,28.93,29.129999,29.129999,3337100
75,2014-09-09,29.219999,29.57,28.99,29.059999,29.059999,3332200
76,2014-09-10,29.040001,29.23,28.02,28.35,28.35,7511800
77,2014-09-11,28.67,29.17,28.18,29.120001,29.120001,5500600
78,2014-09-12,29.32,29.889999,29.01,29.25,29.25,4192600
79,2014-09-15,29.59,29.6,28.360001,28.870001,28.870001,5209900
80,2014-09-16,28.549999,28.76,27.049999,27.799999,27.799999,7236700
81,2014-09-17,27.98,28.24,27.73,28.1,28.1,3438400
82,2014-09-18,27.870001,29.77,27.870001,29.549999,29.549999,7522900
83,2014-09-19,30.0,30.200001,27.639999,28.35,28.35,12505800
84,2014-09-22,27.68,28.33,26.68,26.969999,26.969999,8150400
85,2014-09-23,27.02,27.16,25.84,26.57,26.57,5964700
86,2014-09-24,27.01,27.431999,26.799999,27.18,27.18,2863900
87,2014-09-25,27.459999,27.65,26.094999,26.57,26.57,5455200
88,2014-09-26,26.6,27.0,26.530001,26.93,26.93,2482700
89,2014-09-29,26.48,26.700001,26.0,26.33,26.33,3475400
90,2014-09-30,26.33,26.35,25.299999,25.82,25.82,5396500
91,2014-10-01,25.52,26.16,24.98,25.02,25.02,4900200
92,2014-10-02,25.02,26.18,24.99,25.690001,25.690001,4961200
93,2014-10-03,25.98,26.379999,25.799999,25.98,25.98,2125100
94,2014-10-06,26.34,26.794001,25.85,25.959999,25.959999,2441900
95,2014-10-07,25.799999,26.040001,25.280001,25.35,25.35,4094400
96,2014-10-08,25.34,26.43,25.01,26.4,26.4,4149300
97,2014-10-09,26.299999,26.4,25.559999,25.66,25.66,4066600
98,2014-10-10,25.209999,25.41,24.1,25.01,25.01,5530100
99,2014-10-13,25.0,25.200001,23.83,24.059999,24.059999,7505700
100,2014-10-14,24.17,24.4,22.6,23.9,23.9,7695200
101,2014-10-15,23.25,24.33,22.889999,24.299999,24.299999,4349400
102,2014-10-16,23.65,25.049999,23.33,25.02,25.02,3851500
103,2014-10-17,25.639999,26.27,24.379999,25.07,25.07,4941400
104,2014-10-20,25.4,25.77,24.610001,25.41,25.41,3292300
105,2014-10-21,25.459999,25.799999,24.9,25.4,25.4,3216300
106,2014-10-22,25.5,26.0,25.08,25.440001,25.440001,2541400
107,2014-10-23,25.73,25.98,24.6,24.66,24.66,3985600
108,2014-10-24,24.65,24.74,23.299999,24.02,24.02,8052100
109,2014-10-27,23.75,24.549999,23.700001,24.129999,24.129999,3532900
110,2014-10-28,24.309999,24.799999,24.16,24.780001,24.780001,2725800
111,2014-10-29,24.700001,24.879999,24.09,24.1,24.1,2875600
112,2014-10-30,24.200001,24.35,23.51,23.879999,23.879999,4398500
113,2014-10-31,24.290001,24.5,23.732,23.889999,23.889999,5523600
114,2014-11-03,23.6,25.4,23.57,24.77,24.77,5740700
115,2014-11-04,24.76,25.059999,24.299999,24.91,24.91,4505100
116,2014-11-05,25.360001,25.360001,23.879999,23.91,23.91,4620700
117,2014-11-06,23.950001,24.6,23.610001,24.530001,24.530001,3420200
118,2014-11-07,24.48,24.959999,24.4,24.74,24.74,2588600
119,2014-11-10,25.25,27.07,25.215999999999998,26.25,26.25,7731100
120,2014-11-11,26.35,26.450001,25.4,25.809999,25.809999,3538900
121,2014-11-12,26.0,28.254999,25.853001000000006,27.65,27.65,9204700
122,2014-11-13,27.75,28.4,26.91,27.32,27.32,5952800
123,2014-11-14,27.360001,27.450001,26.299999,27.01,27.01,6201800
124,2014-11-17,27.780001,28.0,24.799999,25.0,25.0,11837600
125,2014-11-18,25.0,25.459999,24.85,25.41,25.41,4693700
126,2014-11-19,25.049999,25.9,24.49,24.5,24.5,3676700
127,2014-11-20,24.370001,24.389999,23.58,23.75,23.75,7410700
128,2014-11-21,24.424999,25.26,23.799999,24.08,24.08,4114600
129,2014-11-24,23.73,24.299999,23.549999,24.040001,24.040001,4637500
130,2014-11-25,24.08,24.087999,23.48,23.790001,23.790001,3228300
131,2014-11-26,23.74,24.1,23.530001,23.780001,23.780001,2227000
132,2014-11-28,23.85,24.120001,23.27,23.52,23.52,1939700
133,2014-12-01,23.530001,23.639999,21.780001,21.969999,21.969999,6087800
134,2014-12-02,22.15,24.74,22.1,23.91,23.91,14865000
135,2014-12-03,24.4,25.25,24.17,24.6,24.6,18634800
136,2014-12-04,24.309999,24.74,24.200001,24.469999,24.469999,5097600
137,2014-12-05,24.360001,24.5,23.4,23.85,23.85,8307100
138,2014-12-08,22.879999,23.700001,22.860001,23.24,23.24,17062300
139,2014-12-09,22.610001,25.950001,22.0,25.42,25.42,20204100
140,2014-12-10,24.940001,25.16,24.190001,24.75,24.75,11808900
141,2014-12-11,24.84,25.5,24.629999,24.790001,24.790001,7112100
142,2014-12-12,24.389999,24.6,23.950001,23.969999,23.969999,4668800
143,2014-12-15,24.200001,24.379999,22.92,23.26,23.26,7204100
144,2014-12-16,23.0,23.200001,22.709999,23.129999,23.129999,7588500
145,2014-12-17,23.219999,23.531,23.02,23.5,23.5,8794600
146,2014-12-18,23.889999,24.629999,23.799999,24.27,24.27,7931100
147,2014-12-19,24.23,24.719999,23.98,24.57,24.57,9375400
148,2014-12-22,24.280001,25.02,23.945,24.9,24.9,8317100
149,2014-12-23,24.82,24.950001,24.389999,24.73,24.73,4739000
150,2014-12-24,24.709999,24.950001,24.49,24.610001,24.610001,1217000
151,2014-12-26,24.5,24.629999,24.18,24.559999,24.559999,1405600
152,2014-12-29,23.93,24.18,23.530001,24.08,24.08,4095400
153,2014-12-30,23.51,24.0,23.129999,23.25,23.25,7023700
154,2014-12-31,23.299999,23.48,22.85,23.139999,23.139999,5262600
155,2015-01-02,23.370001,24.110001,23.15,24.02,24.02,3358500
156,2015-01-05,24.02,24.950001,24.0,24.58,24.58,5029600
157,2015-01-06,24.6,25.01,24.15,24.530001,24.530001,9797800
158,2015-01-07,24.860001,25.09,24.57,24.809999,24.809999,9084400
159,2015-01-08,24.82,25.290001,24.51,25.08,25.08,12821700
160,2015-01-09,25.01,25.555,24.75,24.940001,24.940001,8119800
161,2015-01-12,24.879999,24.879999,23.84,24.110001,24.110001,4223400
162,2015-01-13,24.27,24.33,23.59,23.84,23.84,4772100
163,2015-01-14,23.6,24.299999,23.5,23.82,23.82,3828200
164,2015-01-15,24.02,24.030001,22.959999,23.32,23.32,5076800
165,2015-01-16,23.190001,24.17,23.08,24.07,24.07,6879100
166,2015-01-20,24.040001,24.780001,23.809999,24.559999,24.559999,6652400
167,2015-01-21,24.42,24.879999,24.23,24.48,24.48,7540000
168,2015-01-22,24.41,24.49,24.0,24.34,24.34,4051200
169,2015-01-23,24.23,25.07,23.889999,24.65,24.65,7164200
170,2015-01-26,24.469999,25.040001,24.469999,25.01,25.01,7530100
171,2015-01-27,24.68,25.639999,24.33,25.34,25.34,11316400
172,2015-01-28,25.459999,26.33,25.379999,25.99,25.99,14564800
173,2015-01-29,25.389999,25.98,24.52,24.690001,24.690001,12245400
174,2015-01-30,24.6,25.0,24.52,24.84,24.84,5581400
175,2015-02-02,24.99,25.48,24.35,25.48,25.48,5630800
176,2015-02-03,25.629999,26.440001,25.459999,26.32,26.32,10484100
177,2015-02-04,26.23,26.91,26.1,26.709999,26.709999,7972400
178,2015-02-05,26.690001,26.99,26.43,26.809999,26.809999,4467900
179,2015-02-06,26.66,26.92,26.049999,26.459999,26.459999,4904700
180,2015-02-09,26.809999,27.35,26.48,26.610001,26.610001,8417700
181,2015-02-10,26.65,26.93,26.198,26.32,26.32,4944500
182,2015-02-11,26.27,26.809999,26.188000000000002,26.450001,26.450001,6130200
183,2015-02-12,26.67,27.0,26.360001,26.5,26.5,7894900
184,2015-02-13,26.700001,26.860001,26.129999,26.23,26.23,3844400
185,2015-02-17,26.42,27.309999,25.98,27.299999,27.299999,5805000
186,2015-02-18,27.4,28.49,27.190001,28.0,28.0,12612200
187,2015-02-19,28.219999,28.219999,27.429001,27.83,27.83,4433700
188,2015-02-20,27.92,28.27,27.450001,28.209999,28.209999,4147400
189,2015-02-23,28.200001,28.49,28.0,28.110001,28.110001,3698800
190,2015-02-24,27.9,28.139999,27.48,27.49,27.49,3618600
191,2015-02-25,27.34,27.66,26.870001,27.299999,27.299999,6402600
192,2015-02-26,27.57,28.35,27.200001,28.0,28.0,5438000
193,2015-02-27,28.0,28.17,27.34,27.67,27.67,8232400
194,2015-03-02,27.84,28.219999,27.67,28.15,28.15,10054900
195,2015-03-03,29.299999,29.9,27.34,27.530001,27.530001,24166700
196,2015-03-04,28.0,28.200001,27.299999,27.719999,27.719999,7130400
197,2015-03-05,28.33,29.040001,27.049999,29.0,29.0,10052700
198,2015-03-06,28.5,29.280001,28.5,28.620001,28.620001,11476100
199,2015-03-09,28.52,29.16,28.52,28.92,28.92,6116500
200,2015-03-10,28.59,28.76,27.75,28.25,28.25,8779700
201,2015-03-11,28.139999,28.139999,27.110001,27.51,27.51,6990100
202,2015-03-12,27.780001,28.26,27.530001,28.200001,28.200001,6445100
203,2015-03-13,28.200001,28.299999,27.811001,28.08,28.08,8797800
204,2015-03-16,27.870001,28.190001,27.41,27.719999,27.719999,10363300
205,2015-03-17,28.0,28.700001,27.690001,28.530001,28.530001,14479100
206,2015-03-18,28.02,29.059999,28.02,29.01,29.01,9694200
207,2015-03-19,29.0,29.129999,28.639999,28.940001,28.940001,6348500
208,2015-03-20,29.15,29.16,28.84,29.110001,29.110001,8733200
209,2015-03-23,28.959999,29.200001,28.74,29.0,29.0,8097800
210,2015-03-24,28.790001,29.99,28.709999,29.74,29.74,18103200
211,2015-03-25,29.84,30.6,29.66,29.709999,29.709999,12682400
212,2015-03-26,29.629999,30.280001,29.360001,29.780001,29.780001,5719300
213,2015-03-27,29.889999,30.200001,29.719999,30.08,30.08,5199300
214,2015-03-30,30.219999,30.27,29.24,29.75,29.75,4873200
215,2015-03-31,29.58,29.74,29.35,29.379999,29.379999,4493100
216,2015-04-01,29.450001,29.809999,29.01,29.219999,29.219999,5061400
217,2015-04-02,29.4,30.07,29.299999,29.49,29.49,6989900
218,2015-04-06,29.440001,30.52,29.4,30.030001,30.030001,10998700
219,2015-04-07,30.129999,31.84,30.122,31.0,31.0,11665500
220,2015-04-08,31.469999,32.950001,31.450001,32.66,32.66,12985400
221,2015-04-09,33.0,33.709999,32.365002000000004,32.689999,32.689999,8605400
222,2015-04-10,32.700001,33.560001,32.540001000000004,33.23,33.23,7258400
223,2015-04-13,33.389999,34.77,33.049999,34.110001000000004,34.110001000000004,17579200
224,2015-04-14,33.77,33.82,32.700001,33.220001,33.220001,10738000
225,2015-04-15,33.830002,34.23,33.400002,33.549999,33.549999,7788300
226,2015-04-16,33.549999,34.075001,33.040001000000004,33.950001,33.950001,6753200
227,2015-04-17,33.130001,33.720001,32.650002,33.189999,33.189999,7254500
228,2015-04-20,33.299999,33.389999,32.669998,33.0,33.0,4529400
229,2015-04-21,33.07,33.849998,32.869999,33.720001,33.720001,5947100
230,2015-04-22,33.889999,34.049999,33.48,33.759998,33.759998,7423300
231,2015-04-23,33.93,34.040001000000004,33.5,33.66,33.66,8136700
232,2015-04-24,33.799999,35.29000100000001,33.799999,34.720001,34.720001,11236200
233,2015-04-27,34.93,36.75,34.93,35.279999,35.279999,15443500
234,2015-04-28,35.450001,35.5,34.43,35.02,35.02,8637300
235,2015-04-29,34.779999,34.970001,34.0,34.200001,34.200001,8296000
236,2015-04-30,34.200001,34.509998,33.119999,33.560001,33.560001,5762800
237,2015-05-01,33.880001,34.0,32.709999,33.529999,33.529999,5292600
238,2015-05-04,34.009998,34.91,33.700001,34.290001000000004,34.290001000000004,7758900
239,2015-05-05,34.0,34.139999,33.150002,33.700001,33.700001,4681500
240,2015-05-06,33.549999,33.650002,32.380001,32.48,32.48,7477000
241,2015-05-07,33.799999,33.799999,32.360001000000004,33.080002,33.080002,10170000
242,2015-05-08,32.959999,33.849998,32.099998,33.740002000000004,33.740002000000004,11417200
243,2015-05-11,34.0,34.52,33.509998,34.459999,34.459999,7216300
244,2015-05-12,34.189999,34.43,32.599998,32.77,32.77,11040900
245,2015-05-13,32.759998,32.889999,32.279999,32.759998,32.759998,9156700
246,2015-05-14,32.970001,33.639999,32.700001,33.380001,33.380001,7195700
247,2015-05-15,33.0,33.849998,32.299999,33.400002,33.400002,12119500
248,2015-05-18,33.439999,34.25,33.299999,33.91,33.91,7030100
249,2015-05-19,33.950001,34.200001,33.57,34.150002,34.150002,7250100
250,2015-05-20,34.080002,34.349998,33.459999,33.73,33.73,5678700
251,2015-05-21,33.82,34.09,33.470001,33.860001000000004,33.860001000000004,10710200
252,2015-05-22,34.060001,34.889999,33.799999,34.889999,34.889999,10199700
253,2015-05-26,35.07,35.369999,33.959999,34.209999,34.209999,9760600
254,2015-05-27,34.099998,34.470001,33.360001000000004,34.25,34.25,4805900
255,2015-05-28,33.73,34.25,33.490002000000004,34.02,34.02,6050600
256,2015-05-29,33.950001,34.369999,33.400002,33.68,33.68,8278800
257,2015-06-01,33.880001,34.959999,33.799999,34.759998,34.759998,9605200
258,2015-06-02,34.290001000000004,35.049999,34.0,34.799999,34.799999,7089100
259,2015-06-03,34.959999,35.189999,34.57,34.77,34.77,8312900
260,2015-06-04,34.619999,34.619999,33.889999,34.119999,34.119999,6243200
261,2015-06-05,34.080002,36.59,33.950001,35.669998,35.669998,21242800
262,2015-06-08,36.009998,37.060001,35.77,36.23,36.23,19732100
263,2015-06-09,36.299999,36.66,35.450001,36.43,36.43,11905400
264,2015-06-10,36.0,36.599998,35.779999,36.259998,36.259998,8395000
265,2015-06-11,36.369999,37.150002,36.34,36.869999,36.869999,6144100
266,2015-06-12,36.970001,38.0,36.860001,37.950001,37.950001,10378600
267,2015-06-15,37.27,37.82,36.529999,36.630001,36.630001,7435500
268,2015-06-16,36.43,37.0,36.240002,36.5,36.5,5084100
269,2015-06-17,37.029999,37.150002,35.380001,35.450001,35.450001,11766200
270,2015-06-18,35.5,35.900002,35.055,35.57,35.57,8543600
271,2015-06-19,35.0,35.220001,33.919998,34.610001000000004,34.610001000000004,10461100
272,2015-06-22,34.950001,35.040001000000004,34.41,34.59,34.59,6621600
273,2015-06-23,35.0,35.0,34.41,34.59,34.59,6173100
274,2015-06-24,34.900002,35.48,34.669998,34.779999,34.779999,4968300
275,2015-06-25,34.57,34.740002000000004,33.639999,34.02,34.02,5549700
276,2015-06-26,33.099998,33.549999,32.080002,33.455002,33.455002,10686000
277,2015-06-29,32.619999,33.175999,31.719999,32.5,32.5,9346500
278,2015-06-30,33.07,34.099998,33.029999,34.099998,34.099998,9319700
279,2015-07-01,34.080002,34.205002,32.93,33.25,33.25,7856400
280,2015-07-02,33.48,33.639999,32.799999,33.130001,33.130001,4676400
281,2015-07-06,31.6,32.400002,31.200001,31.889999,31.889999,9617600
282,2015-07-07,30.200001,30.965,28.129999,30.610001,30.610001,25428900
283,2015-07-08,28.91,30.860001,28.709999,30.32,30.32,13745300
284,2015-07-09,32.84,33.419998,31.879999,32.779999,32.779999,14262100
285,2015-07-10,32.880001,33.25,32.349998,32.400002,32.400002,9779300
286,2015-07-13,32.950001,34.450001,32.950001,33.900002,33.900002,8597100
287,2015-07-14,33.66,34.369999,33.5,33.919998,33.919998,5304600
288,2015-07-15,33.470001,34.0,32.150002,32.389999,32.389999,7342100
289,2015-07-16,32.799999,34.34,32.730999,33.84,33.84,7117700
290,2015-07-17,34.5,35.400002,34.41,35.32,35.32,10091900
291,2015-07-20,34.939999,35.400002,34.52,35.060001,35.060001,5817800
292,2015-07-21,35.389999,35.400002,35.0,35.310001,35.310001,4792800
293,2015-07-22,34.990002000000004,35.41,34.650002,35.380001,35.380001,5068200
294,2015-07-23,35.450001,35.450001,33.915001000000004,34.700001,34.700001,7820100
295,2015-07-24,35.400002,35.560001,33.970001,34.639999,34.639999,8765200
296,2015-07-27,32.799999,33.32,32.060001,32.150002,32.150002,9862900
297,2015-07-28,32.0,32.540001000000004,31.42,32.48,32.48,23242000
298,2015-07-29,32.66,33.470001,32.509998,33.290001000000004,33.290001000000004,5709100
299,2015-07-30,33.099998,33.82,33.0,33.369999,33.369999,3850800
300,2015-07-31,33.700001,33.700001,31.73,33.029999,33.029999,6954300
301,2015-08-03,32.529999,33.939999,32.450001,32.919998,32.919998,5380800
302,2015-08-04,33.169998,34.02,33.0,33.990002000000004,33.990002000000004,8671500
303,2015-08-05,34.32,34.990002000000004,34.16,34.32,34.32,7432600
304,2015-08-06,34.299999,34.77,32.630001,32.810001,32.810001,9153900
305,2015-08-07,33.029999,34.200001,31.65,32.07,32.07,15015800
306,2015-08-10,30.879999,31.0,29.67,30.059999,30.059999,21184300
307,2015-08-11,29.67,29.700001,27.370001,28.02,28.02,24379600
308,2015-08-12,26.969999,27.02,25.639999,26.77,26.77,32296300
309,2015-08-13,27.469999,27.57,26.9,27.049999,27.049999,12373300
310,2015-08-14,27.0,28.225,27.0,28.120001,28.120001,10104400
311,2015-08-17,27.799999,27.959999,27.129999,27.33,27.33,10546400
312,2015-08-18,26.51,27.139999,26.200001,26.620001,26.620001,7864300
313,2015-08-19,26.68,27.0,26.0,26.780001,26.780001,10029100
314,2015-08-20,26.1,26.280001,24.889999,24.9,24.9,12159200
315,2015-08-21,24.030001,26.059999,23.66,25.049999,25.049999,16420100
316,2015-08-24,22.700001,24.940001,21.549999,23.93,23.93,21356300
317,2015-08-25,26.5,27.92,24.995001,25.059999,25.059999,13116300
318,2015-08-26,25.51,25.799999,24.549999,25.59,25.59,12724400
319,2015-08-27,26.48,27.15,26.030001,27.1,27.1,12850800
320,2015-08-28,26.27,27.48,26.27,26.77,26.77,10343500
321,2015-08-31,26.66,26.705,25.665001,25.879999,25.879999,10404800
322,2015-09-01,25.17,25.92,24.68,24.879999,24.879999,10543700
323,2015-09-02,25.24,25.65,24.219999,24.870001,24.870001,7220200
324,2015-09-03,24.92,25.139999,24.389999,24.41,24.41,9376900
325,2015-09-04,24.0,24.459999,22.639999,22.809999,22.809999,14607800
326,2015-09-08,24.08,25.98,23.280001,23.950001,23.950001,31308800
327,2015-09-09,24.799999,25.85,24.5,24.67,24.67,20121300
328,2015-09-10,24.5,24.82,24.035,24.190001,24.190001,12979300
329,2015-09-11,24.1,24.290001,23.15,24.26,24.26,11195200
330,2015-09-14,23.5,24.469999,23.290001,24.209999,24.209999,8213800
331,2015-09-15,24.290001,25.139999,24.1,24.98,24.98,9255200
332,2015-09-16,25.4,27.049999,25.190001,26.99,26.99,16470400
333,2015-09-17,26.34,27.959999,26.32,27.639999,27.639999,11761000
334,2015-09-18,27.02,27.540001,26.285,26.43,26.43,12632400
335,2015-09-21,26.940001,26.940001,25.85,25.98,25.98,6746200
336,2015-09-22,25.5,25.85,25.139999,25.540001,25.540001,6286400
337,2015-09-23,25.629999,25.879999,24.059999,24.379999,24.379999,12222300
338,2015-09-24,24.33,25.43,24.129999,25.34,25.34,7729900
339,2015-09-25,25.77,26.799999,25.6,25.940001,25.940001,12661100
340,2015-09-28,25.620001,25.889999,24.67,24.690001,24.690001,12208200
341,2015-09-29,24.799999,24.906999999999996,24.110001,24.43,24.43,9020200
342,2015-09-30,25.459999,26.5,25.200001,26.059999,26.059999,13383700
343,2015-10-01,26.75,27.07,25.440001,26.5,26.5,7539200
344,2015-10-02,26.98,29.4,26.5,28.91,28.91,19914300
345,2015-10-05,29.15,29.15,28.35,28.780001,28.780001,12350000
346,2015-10-06,28.700001,28.700001,27.445,27.709999,27.709999,11701100
347,2015-10-07,28.139999,28.68,27.42,27.540001,27.540001,14352300
348,2015-10-08,27.41,27.49,26.23,27.32,27.32,16777700
349,2015-10-09,27.469999,28.77,27.290001,28.41,28.41,14903900
350,2015-10-12,28.620001,28.75,27.950001,28.719999,28.719999,8970700
351,2015-10-13,28.32,28.32,26.83,26.91,26.91,13936000
352,2015-10-14,27.0,27.0,25.1,25.52,25.52,21679500
353,2015-10-15,26.059999,26.700001,25.389999,26.26,26.26,17715900
354,2015-10-16,26.370001,26.950001,26.139999,26.889999,26.889999,9598500
355,2015-10-19,26.889999,27.415001,26.629999,27.09,27.09,8152800
356,2015-10-20,27.09,27.4,26.459999,26.530001,26.530001,7094600
357,2015-10-21,26.32,26.889999,25.825001,26.01,26.01,6717100
358,2015-10-22,26.299999,26.93,25.809999,26.200001,26.200001,15818900
359,2015-10-23,27.23,27.52,26.93,27.1,27.1,17484800
360,2015-10-26,27.299999,27.49,26.780001,26.84,26.84,7516300
361,2015-10-27,27.709999,28.07,27.09,27.66,27.66,13398000
362,2015-10-28,27.5,28.110001,27.24,27.68,27.68,9983600
363,2015-10-29,27.74,27.85,26.82,27.690001,27.690001,9712200
364,2015-10-30,27.549999,27.805,27.450001,27.620001,27.620001,7372000
365,2015-11-02,27.5,28.879999,27.309999,28.65,28.65,9802300
366,2015-11-03,28.709999,29.9,28.65,29.370001,29.370001,10877800
367,2015-11-04,30.0,30.26,29.17,29.27,29.27,7948000
368,2015-11-05,29.559999,29.57,27.870001,28.799999,28.799999,9722400
369,2015-11-06,29.0,29.950001,28.370001,29.700001,29.700001,11373800
370,2015-11-09,29.889999,29.950001,28.41,28.76,28.76,10377300
371,2015-11-10,28.620001,28.700001,27.299999,28.200001,28.200001,12392000
372,2015-11-11,28.440001,28.49,26.85,27.879999,27.879999,14746300
373,2015-11-12,28.18,29.450001,27.65,28.780001,28.780001,15874700
374,2015-11-13,27.82,28.25,26.6,26.75,26.75,23067700
375,2015-11-16,26.709999,29.58,26.531,28.809999,28.809999,26242700
376,2015-11-17,29.190001,29.950001,28.67,28.93,28.93,13884100
377,2015-11-18,29.15,29.200001,27.950001,28.559999,28.559999,10246800
378,2015-11-19,28.709999,29.215,28.326999999999998,29.049999,29.049999,9054000
379,2015-11-20,29.33,30.049999,29.129999,29.99,29.99,11573300
380,2015-11-23,30.08,31.07,29.99,30.68,30.68,14031700
381,2015-11-24,30.6,31.18,30.1,30.35,30.35,8037400
382,2015-11-25,30.450001,30.75,29.825001,29.99,29.99,6705600
383,2015-11-27,29.1,30.049999,29.07,29.950001,29.950001,6163400
384,2015-11-30,30.379999,30.93,29.84,30.68,30.68,37066300
385,2015-12-01,30.379999,31.58,30.200001,31.5,31.5,12626800
386,2015-12-02,31.700001,32.439999,31.299999,31.93,31.93,12022500
387,2015-12-03,32.0,32.48,31.08,31.559999,31.559999,9512600
388,2015-12-04,31.35,32.369999,31.1,32.25,32.25,9732600
389,2015-12-07,32.360001000000004,32.619999,31.889999,32.529999,32.529999,6434600
390,2015-12-08,31.969999,32.25,31.58,31.889999,31.889999,7787000
391,2015-12-09,31.77,32.080002,31.205,31.58,31.58,5257000
392,2015-12-10,31.58,31.75,31.16,31.6,31.6,7766200
393,2015-12-11,31.15,31.299999,30.530001,30.549999,30.549999,11736400
394,2015-12-14,30.780001,30.85,30.030001,30.84,30.84,7072300
395,2015-12-15,31.0,31.9,31.0,31.58,31.58,7356700
396,2015-12-16,31.9,32.355,31.75,32.224998,32.224998,6822600
397,2015-12-17,32.650002,33.48,31.889999,32.380001,32.380001,10487100
398,2015-12-18,32.110001000000004,32.790001000000004,31.93,32.650002,32.650002,8456100
399,2015-12-21,32.939999,33.099998,32.380001,32.5,32.5,4844000
400,2015-12-22,32.450001,32.639999,32.150002,32.529999,32.529999,6347700
401,2015-12-23,32.57,33.099998,32.509998,32.540001000000004,32.540001000000004,4869400
402,2015-12-24,32.650002,32.779999,32.540001000000004,32.580002,32.580002,1728900
403,2015-12-28,32.5,32.544998,31.370001,31.889999,31.889999,6090500
404,2015-12-29,32.189999,32.945,32.049999,32.650002,32.650002,6311100
405,2015-12-30,32.09,32.610001000000004,31.91,32.080002,32.080002,3746300
406,2015-12-31,31.959999,32.709999,31.629999,32.264999,32.264999,3464000
407,2016-01-04,30.66,30.66,29.0,29.530001,29.530001,18265300
408,2016-01-05,30.049999,30.299999,29.6,30.0,30.0,9426400
409,2016-01-06,29.23,30.030001,29.049999,29.76,29.76,12988900
410,2016-01-07,28.34,29.15,27.65,27.950001,27.950001,18155700
411,2016-01-08,28.58,28.9,27.469999,27.620001,27.620001,15164100
412,2016-01-11,27.35,27.73,25.969999,27.030001,27.030001,18824000
413,2016-01-12,27.52,28.299999,27.245001,28.205,28.205,11202600
414,2016-01-13,28.370001,28.5,26.780001,27.1,27.1,8981100
415,2016-01-14,27.35,28.43,26.85,28.120001,28.120001,9756900
416,2016-01-15,26.5,27.290001,26.35,26.99,26.99,13641500
417,2016-01-19,28.32,28.635,26.940001,27.41,27.41,14022400
418,2016-01-20,26.5,26.879999,25.360001,26.379999,26.379999,23393300
419,2016-01-21,26.17,27.16,25.799999,26.690001,26.690001,8423100
420,2016-01-22,27.889999,27.889999,26.955,27.27,27.27,9454400
421,2016-01-25,27.120001,27.525,26.950001,27.030001,27.030001,6988400
422,2016-01-26,26.75,27.200001,26.09,27.0,27.0,6803200
423,2016-01-27,27.040001,27.040001,25.145,25.379999,25.379999,21140400
424,2016-01-28,26.0,26.08,24.969999,25.370001,25.370001,21548300
425,2016-01-29,25.85,26.35,25.5,26.030001,26.030001,11895800
426,2016-02-01,25.620001,25.959999,25.139999,25.59,25.59,10915500
427,2016-02-02,25.32,25.57,24.525,24.67,24.67,11283200
428,2016-02-03,24.68,24.790001,23.370001,23.809999,23.809999,20210000
429,2016-02-04,24.0,25.26,23.969999,24.959999,24.959999,20923800
430,2016-02-05,24.690001,24.950001,23.51,23.639999,23.639999,19828500
431,2016-02-08,23.049999,23.26,22.18,23.209999,23.209999,30399400
432,2016-02-09,22.700001,23.525,22.469999,22.879999,22.879999,16699000
433,2016-02-10,23.379999,23.559999,22.84,23.24,23.24,12427200
434,2016-02-11,22.530001,23.129999,22.135,22.9,22.9,20207600
435,2016-02-12,23.1,23.41,22.450001,23.129999,23.129999,13903600
436,2016-02-16,24.76,25.99,24.18,24.98,24.98,20056900
437,2016-02-17,25.42,26.200001,24.860001,25.719999,25.719999,17465700
438,2016-02-18,25.9,25.9,25.01,25.33,25.33,11910900
439,2016-02-19,25.200001,25.82,24.889999,25.540001,25.540001,7525300
440,2016-02-22,26.09,26.469999,25.67,26.32,26.32,8158100
441,2016-02-23,26.01,26.17,25.5,25.59,25.59,5601100
442,2016-02-24,25.1,25.76,24.299999,25.68,25.68,10381300
443,2016-02-25,24.75,25.1,24.440001,24.93,24.93,10972700
444,2016-02-26,25.66,25.799999,25.16,25.41,25.41,8269300
445,2016-02-29,25.33,26.0,25.280001,25.709999,25.709999,14099100
446,2016-03-01,26.889999,27.190001,26.309999,26.5,26.5,17268300
447,2016-03-02,27.120001,27.129999,26.26,26.639999,26.639999,14655400
448,2016-03-03,26.780001,26.780001,25.209999,25.59,25.59,15802100
449,2016-03-04,25.940001,26.549999,25.68,26.48,26.48,13871800
450,2016-03-07,26.280001,26.559999,25.9,26.139999,26.139999,12718100
451,2016-03-08,25.85,26.34,25.76,26.07,26.07,9149100
452,2016-03-09,26.16,26.48,25.77,26.34,26.34,6110200
453,2016-03-10,26.48,26.815001,26.01,26.389999,26.389999,8236900
454,2016-03-11,26.75,27.92,26.530001,27.83,27.83,11863100
455,2016-03-14,28.0,28.25,27.690001,27.74,27.74,7517200
456,2016-03-15,27.450001,27.5,26.865,27.16,27.16,6979100
457,2016-03-16,27.030001,27.959999,26.950001,27.84,27.84,7251800
458,2016-03-17,27.5,28.040001,26.985001,27.030001,27.030001,9674600
459,2016-03-18,27.17,27.360001,26.52,27.08,27.08,12890700
460,2016-03-21,27.26,27.559999,26.58,26.959999,26.959999,10530300
461,2016-03-22,26.700001,27.040001,26.58,26.99,26.99,6492000
462,2016-03-23,26.91,27.049999,26.290001,26.74,26.74,8036100
463,2016-03-24,26.459999,26.459999,26.1,26.360001,26.360001,7954800
464,2016-03-28,26.32,26.33,25.635,25.82,25.82,9130400
465,2016-03-29,25.84,26.629999,25.59,26.42,26.42,15247200
466,2016-03-30,26.66,27.615,26.66,27.24,27.24,12037400
467,2016-03-31,27.370001,27.48,26.42,26.5,26.5,8153700
468,2016-04-01,26.26,27.25,26.09,26.76,26.76,10965300
469,2016-04-04,26.76,27.049999,26.370001,26.639999,26.639999,8024300
470,2016-04-05,26.35,26.76,26.201,26.52,26.52,6661700
471,2016-04-06,26.74,26.99,26.18,26.74,26.74,9575000
472,2016-04-07,26.799999,27.0,26.43,26.51,26.51,7843900
473,2016-04-08,26.940001,27.34,26.715,26.860001,26.860001,4830700
474,2016-04-11,27.0,27.73,26.959999,27.280001,27.280001,8124600
475,2016-04-12,27.190001,28.17,27.190001,28.1,28.1,10024700
476,2016-04-13,28.780001,29.790001,28.719999,29.58,29.58,13914800
477,2016-04-14,29.49,29.870001,29.299999,29.629999,29.629999,5552900
478,2016-04-15,29.889999,30.01,29.77,29.879999,29.879999,7269500
479,2016-04-18,29.73,29.860001,29.0,29.34,29.34,9041900
480,2016-04-19,29.66,29.77,28.594999,28.85,28.85,9290200
481,2016-04-20,28.6,28.790001,28.41,28.68,28.68,7914100
482,2016-04-21,28.75,29.209999,28.68,28.790001,28.790001,6355700
483,2016-04-22,28.6,28.77,27.66,28.299999,28.299999,7841400
484,2016-04-25,28.09,28.198999,27.309999,27.43,27.43,7511600
485,2016-04-26,27.43,27.58,24.549999,25.07,25.07,51175800
486,2016-04-27,25.110001,25.84,25.0,25.34,25.34,22144500
487,2016-04-28,25.360001,26.299999,25.360001,25.65,25.65,12202900
488,2016-04-29,25.58,26.280001,24.9,25.559999,25.559999,13835300
489,2016-05-02,25.52,25.65,24.969999,25.290001,25.290001,9604700
490,2016-05-03,25.129999,25.129999,24.25,24.4,24.4,12706800
491,2016-05-04,24.309999,24.719999,24.139999,24.219999,24.219999,15384200
492,2016-05-05,25.07,25.17,24.59,24.85,24.85,13347900
493,2016-05-06,24.93,25.450001,24.48,25.200001,25.200001,15385500
494,2016-05-09,23.99,23.99,22.67,23.43,23.43,45307400
495,2016-05-10,23.23,24.190001,23.219999,23.77,23.77,15675700
496,2016-05-11,24.01,24.01,23.0,23.129999,23.129999,19287300
497,2016-05-12,23.530001,23.68,22.02,22.110001,22.110001,28229900
498,2016-05-13,22.48,22.940001,22.35,22.639999,22.639999,16484800
499,2016-05-16,22.82,23.51,22.82,23.370001,23.370001,14553200
500,2016-05-17,23.280001,24.42,23.280001,23.879999,23.879999,14692000
501,2016-05-18,23.74,23.93,23.309999,23.6,23.6,12681700
502,2016-05-19,23.35,23.940001,22.84,23.110001,23.110001,12931400
503,2016-05-20,23.18,23.91,23.18,23.450001,23.450001,11508700
504,2016-05-23,23.41,23.459999,22.799999,22.889999,22.889999,8430600
505,2016-05-24,23.190001,24.040001,23.01,23.790001,23.790001,17843300
506,2016-05-25,23.799999,23.9,22.805,22.98,22.98,17970000
507,2016-05-26,23.309999,23.389999,22.860001,23.17,23.17,12485500
508,2016-05-27,23.32,24.280001,23.18,24.25,24.25,16123500
509,2016-05-31,24.57,25.0,24.17,24.610001,24.610001,95370800
510,2016-06-01,24.35,24.370001,23.68,23.790001,23.790001,17704700
511,2016-06-02,24.0,24.219999,23.445,23.66,23.66,11883700
512,2016-06-03,23.709999,23.9,22.85,22.98,22.98,13132700
513,2016-06-06,23.16,23.504999,23.120001,23.32,23.32,9133400
514,2016-06-07,23.51,23.540001,21.709999,22.01,22.01,35788700
515,2016-06-08,22.200001,22.27,21.209999,21.24,21.24,27727700
516,2016-06-09,21.07,21.82,20.82,21.709999,21.709999,20359200
517,2016-06-10,21.4,21.530001,20.885,21.059999,21.059999,13280000
518,2016-06-13,20.950001,21.280001,20.799999,20.99,20.99,9726000
519,2016-06-14,21.059999,21.139999,20.379999,20.9,20.9,15179100
520,2016-06-15,21.0,21.0,19.91,20.17,20.17,19726900
521,2016-06-16,19.950001,20.51,19.51,20.43,20.43,26123200
522,2016-06-17,20.51,20.559999,19.85,20.129999,20.129999,14205900
523,2016-06-20,20.68,22.040001,20.6,21.059999,21.059999,28239300
524,2016-06-21,21.370001,21.48,20.91,21.129999,21.129999,11895400
525,2016-06-22,21.120001,21.52,20.77,21.200001,21.200001,15245800
526,2016-06-23,21.42,21.51,21.040001,21.459999,21.459999,6173500
527,2016-06-24,20.389999,21.25,20.25,20.639999,20.639999,23683000
528,2016-06-27,20.540001,20.65,19.909000000000002,20.24,20.24,11272600
529,2016-06-28,20.530001,20.99,20.174999,20.32,20.32,14651600
530,2016-06-29,20.48,20.823,20.305,20.389999,20.389999,11708100
531,2016-06-30,20.389999,21.34,20.34,21.23,21.23,14122900
532,2016-07-01,21.23,21.5,20.98,21.309999,21.309999,8291600
533,2016-07-05,21.18,21.299999,20.4,20.860001,20.860001,10698100
534,2016-07-06,20.549999,20.639999,20.035,20.379999,20.379999,13669100
535,2016-07-07,20.459999,20.665001,20.309999,20.57,20.57,6742800
536,2016-07-08,20.610001,20.73,20.34,20.719999,20.719999,9715300
537,2016-07-11,20.879999,22.01,20.85,21.76,21.76,17041800
538,2016-07-12,22.139999,22.299999,21.870001,22.209999,22.209999,12988200
539,2016-07-13,22.200001,22.299999,21.51,21.68,21.68,9907000
540,2016-07-14,21.950001,21.98,21.629999,21.68,21.68,8905600
541,2016-07-15,21.73,21.780001,21.309999,21.41,21.41,6555400
542,2016-07-18,21.4,22.35,21.4,22.139999,22.139999,10227500
543,2016-07-19,21.85,22.6,21.85,22.42,22.42,11323700
544,2016-07-20,22.52,22.9,22.32,22.66,22.66,12076600
545,2016-07-21,22.870001,22.870001,21.940001,21.99,21.99,12080400
546,2016-07-22,22.059999,22.059999,21.65,21.92,21.92,7038500
547,2016-07-25,22.0,22.02,21.51,21.85,21.85,4859800
548,2016-07-26,21.85,22.65,21.74,22.48,22.48,10490800
549,2016-07-27,22.5,22.639999,22.200001,22.360001,22.360001,5450400
550,2016-07-28,22.200001,22.27,21.969999,22.139999,22.139999,5436400
551,2016-07-29,22.110001,22.129999,21.549999,21.65,21.65,8820700
552,2016-08-01,21.690001,22.129999,21.66,21.84,21.84,7058500
553,2016-08-02,21.860001,21.98,21.559999,21.799999,21.799999,5046600
554,2016-08-03,21.65,21.780001,21.51,21.73,21.73,6009100
555,2016-08-04,21.65,21.73,21.219999,21.370001,21.370001,9709300
556,2016-08-05,21.5,22.173000000000002,21.290001,21.85,21.85,8377000
557,2016-08-08,21.82,22.370001,21.549999,22.35,22.35,11757600
558,2016-08-09,22.360001,22.690001,22.049999,22.370001,22.370001,19990900
559,2016-08-10,24.110001,24.6,23.26,23.41,23.41,33722200
560,2016-08-11,23.65,24.0,23.07,23.290001,23.290001,17636500
561,2016-08-12,23.27,24.889999,22.93,24.65,24.65,27840200
562,2016-08-15,24.860001,25.620001,24.85,25.32,25.32,16615100
563,2016-08-16,25.57,25.58,24.75,25.02,25.02,13730800
564,2016-08-17,24.9,25.440001,24.799999,25.389999,25.389999,12086200
565,2016-08-18,25.34,25.52,25.120001,25.4,25.4,10071300
566,2016-08-19,26.15,26.200001,25.700001,25.91,25.91,20568700
567,2016-08-22,25.950001,25.99,25.52,25.77,25.77,7850800
568,2016-08-23,25.809999,26.299999,25.785,25.940001,25.940001,9013700
569,2016-08-24,25.969999,26.08,25.51,25.559999,25.559999,9650400
570,2016-08-25,25.4,25.700001,25.295,25.42,25.42,9101200
571,2016-08-26,25.459999,25.99,25.42,25.790001,25.790001,9713400
572,2016-08-29,25.85,25.85,25.469999,25.610001,25.610001,5309300
573,2016-08-30,25.709999,25.950001,25.495001,25.59,25.59,6194500
574,2016-08-31,25.5,25.695,25.200001,25.41,25.41,10244200
575,2016-09-01,25.41,25.73,25.33,25.709999,25.709999,5595900
576,2016-09-02,25.9,26.07,25.52,25.549999,25.549999,9844000
577,2016-09-06,25.719999,27.0,25.719999,26.540001,26.540001,18271800
578,2016-09-07,26.57,26.780001,26.48,26.549999,26.549999,9256300
579,2016-09-08,26.6,27.08,26.549999,26.860001,26.860001,8640200
580,2016-09-09,26.860001,26.950001,26.34,26.370001,26.370001,13938600
581,2016-09-12,25.6,26.575001,25.549999,26.5,26.5,12505500
582,2016-09-13,26.219999,26.575001,26.110001,26.530001,26.530001,10934800
583,2016-09-14,26.59,26.690001,25.709999,26.01,26.01,16706600
584,2016-09-15,26.0,26.129999,25.620001,26.129999,26.129999,12176200
585,2016-09-16,26.23,26.549999,26.01,26.23,26.23,11428200
586,2016-09-19,26.34,26.48,25.93,26.049999,26.049999,8566100
587,2016-09-20,25.879999,26.16,25.68,25.85,25.85,8913000
588,2016-09-21,25.940001,26.030001,25.540001,25.879999,25.879999,12895600
589,2016-09-22,26.0,26.4,25.860001,26.299999,26.299999,17247500
590,2016-09-23,26.32,26.99,26.18,26.84,26.84,13020900
591,2016-09-26,26.540001,26.610001,26.35,26.540001,26.540001,11176700
592,2016-09-27,26.6,27.290001,26.549999,26.68,26.68,12270300
593,2016-09-28,26.639999,26.870001,26.01,26.290001,26.290001,9455700
594,2016-09-29,26.219999,26.48,25.799999,25.98,25.98,16217600
595,2016-09-30,26.01,26.32,25.92,26.09,26.09,6577300
596,2016-10-03,26.030001,26.129999,25.700001,26.110001,26.110001,9348900
597,2016-10-04,26.15,29.235001,26.125,27.49,27.49,29533300
598,2016-10-05,27.59,28.09,27.280001,27.93,27.93,23699700
599,2016-10-06,28.450001,28.530001,26.959999,27.4,27.4,15635300
600,2016-10-07,27.4,27.5,26.799999,27.030001,27.030001,9607400
601,2016-10-10,27.040001,27.51,26.77,27.299999,27.299999,7968000
602,2016-10-11,27.24,27.405001,26.58,26.75,26.75,7285100
603,2016-10-12,26.610001,26.82,26.34,26.59,26.59,8227600
604,2016-10-13,26.15,26.27,25.530001,26.27,26.27,14027600
605,2016-10-14,26.719999,26.780001,26.27,26.5,26.5,7110400
606,2016-10-17,26.299999,26.84,26.139999,26.309999,26.309999,5593200
607,2016-10-18,26.780001,26.790001,26.200001,26.26,26.26,5730600
608,2016-10-19,26.360001,26.58,26.09,26.299999,26.299999,6073500
609,2016-10-20,26.17,26.855,26.17,26.65,26.65,8381400
610,2016-10-21,26.610001,26.9,26.58,26.870001,26.870001,5368600
611,2016-10-24,27.0,27.120001,26.09,26.5,26.5,11741300
612,2016-10-25,26.549999,26.690001,26.25,26.42,26.42,4902400
613,2016-10-26,26.32,26.57,26.139999,26.48,26.48,4687800
614,2016-10-27,26.59,26.68,25.73,25.879999,25.879999,9069400
615,2016-10-28,25.700001,26.049999,25.379999,25.9,25.9,8031900
616,2016-10-31,26.030001,26.440001,25.93,25.950001,25.950001,5345200
617,2016-11-01,25.9,26.040001,25.18,25.309999,25.309999,9236400
618,2016-11-02,25.440001,25.5,24.370001,24.74,24.74,14145700
619,2016-11-03,24.540001,25.049999,24.51,24.67,24.67,6738800
620,2016-11-04,24.57,24.77,24.309999,24.65,24.65,7038300
621,2016-11-07,25.18,25.715,25.0,25.459999,25.459999,8212200
622,2016-11-08,25.51,25.549999,25.014999,25.440001,25.440001,6729900
623,2016-11-09,24.6,25.58,24.6,25.129999,25.129999,6544800
624,2016-11-10,25.5,25.5,23.879999,24.389999,24.389999,10182800
625,2016-11-11,24.25,24.52,23.68,24.040001,24.040001,12219700
626,2016-11-14,24.23,24.23,23.375,23.709999,23.709999,15497900
627,2016-11-15,25.690001,26.959999,25.290001,26.41,26.41,38369200
628,2016-11-16,25.620001,26.6,25.620001,26.51,26.51,9381200
629,2016-11-17,26.5,26.93,26.33,26.75,26.75,8590300
630,2016-11-18,26.75,26.889999,26.254999,26.450001,26.450001,5658200
631,2016-11-21,26.5,26.559999,25.889999,26.0,26.0,7494800
632,2016-11-22,26.0,26.135,25.639999,25.809999,25.809999,7125100
633,2016-11-23,25.76,25.950001,25.65,25.74,25.74,5928600
634,2016-11-25,25.889999,25.99,25.43,25.540001,25.540001,6497700
635,2016-11-28,25.559999,25.945,25.540001,25.83,25.83,9681700
636,2016-11-29,25.84,27.700001,25.75,26.85,26.85,29892600
637,2016-11-30,26.85,27.4,26.665001,26.870001,26.870001,15084800
638,2016-12-01,26.790001,26.950001,26.18,26.299999,26.299999,11150700
639,2016-12-02,26.32,26.450001,25.719999,25.879999,25.879999,9493300
640,2016-12-05,25.860001,26.315001,25.58,25.950001,25.950001,7537700
641,2016-12-06,26.09,26.26,25.77,25.83,25.83,4690800
642,2016-12-07,25.76,27.190001,25.719999,26.98,26.98,17786700
643,2016-12-08,26.99,27.200001,26.690001,26.969999,26.969999,8079000
644,2016-12-09,26.870001,26.969999,26.264999,26.84,26.84,7892400
645,2016-12-12,26.379999,26.620001,25.82,26.16,26.16,6383400
646,2016-12-13,26.309999,26.92,25.92,26.66,26.66,7137300
647,2016-12-14,26.690001,27.379999,26.51,26.950001,26.950001,11007700
648,2016-12-15,26.74,26.74,25.58,25.77,25.77,9761400
649,2016-12-16,25.73,26.16,25.57,25.610001,25.610001,7696300
650,2016-12-19,25.6,25.639999,25.25,25.379999,25.379999,4873600
651,2016-12-20,25.719999,25.719999,25.309999,25.52,25.52,4972700
652,2016-12-21,25.42,25.959999,25.42,25.879999,25.879999,3935800
653,2016-12-22,25.860001,25.9,25.49,25.620001,25.620001,4442000
654,2016-12-23,25.51,25.85,25.34,25.49,25.49,5591400
655,2016-12-27,25.52,26.209999,25.455,25.93,25.93,5188200
656,2016-12-28,26.09,26.195,25.610001,25.74,25.74,2880600
657,2016-12-29,25.76,25.912001,25.559999,25.639999,25.639999,3361500
658,2016-12-30,25.68,25.84,25.285,25.440001,25.440001,3531500
659,2017-01-03,25.950001,26.110001,25.639999,25.82,25.82,8275300
660,2017-01-04,26.049999,26.084999,25.584999,25.85,25.85,7862800
661,2017-01-05,26.15,26.799999,26.049999,26.299999,26.299999,10205600
662,2017-01-06,26.299999,26.41,25.92,26.27,26.27,6234300
663,2017-01-09,26.639999,26.950001,26.139999,26.26,26.26,8071500
664,2017-01-10,26.299999,27.1,26.25,26.9,26.9,20417400
665,2017-01-11,26.76,27.18,26.445,26.77,26.77,5498100
666,2017-01-12,26.83,26.83,26.48,26.610001,26.610001,4867700
667,2017-01-13,26.77,26.9,26.52,26.84,26.84,5929700
668,2017-01-17,26.82,27.65,26.709999,27.209999,27.209999,7705100
669,2017-01-18,27.34,27.5,26.860001,27.16,27.16,5974400
670,2017-01-19,27.299999,27.84,27.129999,27.75,27.75,10279700
671,2017-01-20,27.959999,28.139999,27.540001,27.6,27.6,7142000
672,2017-01-23,27.5,28.27,27.459999,28.18,28.18,9972400
673,2017-01-24,28.5,28.91,28.219999,28.540001,28.540001,13843200
674,2017-01-25,28.77,28.84,28.354,28.59,28.59,7459500
675,2017-01-26,28.799999,28.799999,28.18,28.32,28.32,6052100
676,2017-01-27,28.35,28.5,28.120001,28.360001,28.360001,3107000
677,2017-01-30,28.17,28.639999,28.059999,28.559999,28.559999,3595000
678,2017-01-31,28.32,28.459999,28.01,28.4,28.4,4381700
679,2017-02-01,28.59,28.59,28.02,28.129999,28.129999,4109200
680,2017-02-02,28.0,28.209999,27.879999,28.17,28.17,4403300
681,2017-02-03,28.280001,28.4,28.08,28.32,28.32,3671500
682,2017-02-06,28.639999,28.799999,28.35,28.540001,28.540001,3919200
683,2017-02-07,28.66,28.940001,28.459999,28.809999,28.809999,4834600
684,2017-02-08,28.809999,29.059999,28.629999,28.98,28.98,3769400
685,2017-02-09,28.959999,29.200001,28.76,29.01,29.01,6234700
686,2017-02-10,29.209999,29.525,29.01,29.379999,29.379999,4491400
687,2017-02-13,29.52,29.65,29.105,29.52,29.52,6084500
688,2017-02-14,29.48,29.74,29.280001,29.43,29.43,3330800
689,2017-02-15,29.5,30.25,29.4,30.139999,30.139999,8001200
690,2017-02-16,30.32,30.57,30.030001,30.23,30.23,7706200
691,2017-02-17,29.57,30.27,29.51,29.85,29.85,7079600
692,2017-02-21,30.0,30.285,29.809999,30.23,30.23,5131400
693,2017-02-22,30.27,30.67,30.1,30.469999,30.469999,6599800
694,2017-02-23,30.75,30.879999,30.23,30.610001,30.610001,9920800
695,2017-02-24,30.5,30.52,30.030001,30.27,30.27,4641300
696,2017-02-27,30.299999,30.91,30.25,30.799999,30.799999,5946300
697,2017-02-28,30.969999,31.16,30.360001,30.57,30.57,8639500
698,2017-03-01,30.83,30.99,30.559999,30.67,30.67,7942600
699,2017-03-02,31.74,32.470001,30.48,30.93,30.93,22176000
700,2017-03-03,31.32,31.58,30.870001,30.93,30.93,9199300
701,2017-03-06,30.969999,30.98,30.24,30.41,30.41,8109800
702,2017-03-07,30.200001,30.940001,29.959999,30.75,30.75,7488300
703,2017-03-08,30.610001,31.639999,30.6,31.34,31.34,8226600
704,2017-03-09,31.15,31.51,30.959999,31.200001,31.200001,5546200
705,2017-03-10,31.35,31.549999,30.945,31.059999,31.059999,6038500
706,2017-03-13,31.27,31.82,31.15,31.690001,31.690001,6473500
707,2017-03-14,31.459999,31.59,31.110001,31.370001,31.370001,4364700
708,2017-03-15,31.35,31.530001,31.08,31.379999,31.379999,4368800
709,2017-03-16,31.870001,32.209999,31.440001,31.540001,31.540001,6367500
710,2017-03-17,31.77,31.77,31.34,31.559999,31.559999,6464100
711,2017-03-20,31.57,31.870001,31.540001,31.719999,31.719999,4270800
712,2017-03-21,31.879999,31.93,30.139999,30.32,30.32,9364400
713,2017-03-22,30.18,30.610001,29.879999,30.58,30.58,6790000
714,2017-03-23,30.85,31.35,30.610001,31.290001,31.290001,8940500
715,2017-03-24,31.42,31.84,31.1,31.26,31.26,5826800
716,2017-03-27,31.0,31.549999,30.76,31.379999,31.379999,4055400
717,2017-03-28,31.33,32.0,31.209999,31.459999,31.459999,5862300
718,2017-03-29,31.5,31.67,31.424999,31.58,31.58,3152800
719,2017-03-30,31.5,31.889999,31.469999,31.559999,31.559999,4907700
720,2017-03-31,31.4,31.559999,31.084999,31.110001,31.110001,5975200
721,2017-04-03,31.43,32.099998,31.27,31.92,31.92,7934900
722,2017-04-04,31.799999,31.889999,31.23,31.440001,31.440001,4927500
723,2017-04-05,31.58,32.060001,31.440001,31.530001,31.530001,5368400
724,2017-04-06,31.690001,32.259998,31.49,32.23,32.23,5840700
725,2017-04-07,32.200001,32.25,31.57,32.009998,32.009998,5651000
726,2017-04-10,32.16,32.919998,32.150002,32.669998,32.669998,8303800
727,2017-04-11,32.700001,33.280998,32.220001,32.299999,32.299999,8054200
728,2017-04-12,32.310001,32.880001,32.310001,32.709999,32.709999,6818000
729,2017-04-13,32.740002000000004,32.869999,32.450001,32.470001,32.470001,3029600
730,2017-04-17,32.669998,33.09,32.580002,32.720001,32.720001,4383300
731,2017-04-18,32.669998,33.005001,32.549999,32.84,32.84,4273500
732,2017-04-19,33.16,34.0,33.099998,33.360001000000004,33.360001000000004,10268600
733,2017-04-20,34.040001000000004,34.139999,33.450001,33.970001,33.970001,7963500
734,2017-04-21,34.139999,34.724998,34.0,34.349998,34.349998,11713500
735,2017-04-24,34.779999,34.939999,34.360001000000004,34.57,34.57,9606800
736,2017-04-25,35.0,35.07,34.880001,34.959999,34.959999,6889900
737,2017-04-26,35.060001,35.075001,34.799999,34.939999,34.939999,6069900
738,2017-04-27,35.049999,35.32,34.970001,35.299999,35.299999,4983000
739,2017-04-28,35.5,35.5,34.73,35.07,35.07,4757800
740,2017-05-01,35.139999,35.450001,35.02,35.34,35.34,5712700
741,2017-05-02,35.349998,35.564999,34.869999,35.450001,35.450001,5194800
742,2017-05-03,35.529999,35.529999,34.509998,35.150002,35.150002,7920900
743,2017-05-04,35.259998,35.494999,34.958,35.400002,35.400002,10001600
744,2017-05-05,35.5,35.900002,35.16,35.779999,35.779999,9033900
745,2017-05-08,37.880001,39.09,37.689999,38.549999,38.549999,31389600
746,2017-05-09,38.84,38.990002,38.279999,38.529999,38.529999,16211100
747,2017-05-10,38.549999,39.360001,38.419998,39.32,39.32,16745100
748,2017-05-11,39.150002,40.0,38.75,39.759998,39.759998,13039700
749,2017-05-12,39.82,40.720001,39.77,40.560001,40.560001,13923100
750,2017-05-15,40.990002,41.012001,39.91,40.23,40.23,12498600
751,2017-05-16,40.279999,41.0,40.23,40.77,40.77,14975900
752,2017-05-17,40.200001,40.959999,39.959999,40.040001,40.040001,10284600
753,2017-05-18,39.025002,40.395,38.59,40.16,40.16,12521400
754,2017-05-19,40.470001,41.720001,40.419998,41.060001,41.060001,12501200
755,2017-05-22,41.610001,41.970001,41.200001,41.66,41.66,11472000
756,2017-05-23,41.959999,41.970001,40.32,40.720001,40.720001,11557400
757,2017-05-24,40.860001,40.91,39.77,40.439999,40.439999,10509900
758,2017-05-25,41.0,41.349998,40.715,41.02,41.02,9737600
759,2017-05-26,40.93,41.099998,40.615002,40.990002,40.990002,6780300
760,2017-05-30,41.099998,41.099998,40.369999,40.790001,40.790001,7109900
761,2017-05-31,40.720001,40.790001,39.689999,40.029999,40.029999,14503600
762,2017-06-01,40.200001,40.470001,39.98,40.290001,40.290001,10061400
763,2017-06-02,40.32,40.369999,39.860001,40.23,40.23,8721100
764,2017-06-05,40.32,40.529999,40.07,40.32,40.32,5543300
765,2017-06-06,40.200001,40.549999,40.07,40.18,40.18,6317800
766,2017-06-07,40.299999,41.43,40.150002,41.18,41.18,7187400
767,2017-06-08,43.41,43.799999,41.220001,41.919998,41.919998,23886200
768,2017-06-09,42.490002,42.509998,38.459999,39.0,39.0,23285100
769,2017-06-12,39.0,39.619999,37.98,39.220001,39.220001,18130800
770,2017-06-13,39.830002,40.139999,38.937,39.27,39.27,11098800
771,2017-06-14,39.57,39.575001,38.200001,38.400002,38.400002,14856300
772,2017-06-15,38.029999,38.139999,36.77,38.119999,38.119999,17218400
773,2017-06-16,37.919998,38.584999,37.73,38.169998,38.169998,10328800
774,2017-06-19,39.455002,40.32,39.349998,39.740002,39.740002,17094100
775,2017-06-20,39.599998,39.84,38.75,38.900002,38.900002,8672800
776,2017-06-21,39.189999,41.27,38.98,41.09,41.09,16040900
777,2017-06-22,40.619999,41.450001,40.599998,41.330002,41.330002,11009100
778,2017-06-23,41.299999,43.060001,41.0,42.950001,42.950001,15892100
779,2017-06-26,43.310001,44.18,42.049999,43.080002,43.080002,17101000
780,2017-06-27,42.790001,42.950001,40.529999,40.689999,40.689999,16074200
781,2017-06-28,41.490002,41.52,39.630001,41.279999,41.279999,13714700
782,2017-06-29,41.150002,41.189999,39.220001,39.5,39.5,14952400
783,2017-06-30,39.865002,39.950001,38.740002,39.220001,39.220001,13271200
784,2017-07-03,39.830002,39.830002,38.75,38.860001,38.860001,5713400
785,2017-07-05,38.950001,39.919998,38.509998,39.759998,39.759998,11584600
786,2017-07-06,39.209999,39.490002,38.709999,39.110001,39.110001,8527400
787,2017-07-07,39.099998,39.66,39.099998,39.220001,39.220001,6603200
788,2017-07-10,39.25,40.634998,39.209999,40.419998,40.419998,9663700
789,2017-07-11,40.59,41.334999,40.32,40.810001,40.810001,8056300
790,2017-07-12,41.27,41.98,41.200001,41.439999,41.439999,8126200
791,2017-07-13,41.5,41.91,41.009998,41.43,41.43,5157800
792,2017-07-14,41.380001,42.134998,41.174999,42.009998,42.009998,7283500
793,2017-07-17,42.049999,42.139999,40.970001,41.630001,41.630001,7573500
794,2017-07-18,41.599998,43.099998,41.34,42.990002,42.990002,10107600
795,2017-07-19,43.400002,44.09,42.771,43.220001,43.220001,12296700
796,2017-07-20,43.259998,43.490002,42.514999,42.919998,42.919998,5826300
797,2017-07-21,43.0,43.235001,42.400002,43.080002,43.080002,4154800
798,2017-07-24,43.150002,43.68,43.049999,43.540001,43.540001,5842300
799,2017-07-25,43.75,44.73,43.27,44.459999,44.459999,8479100
800,2017-07-26,44.759998,46.849998,44.619999,45.869999,45.869999,15727700
801,2017-07-27,46.5,46.849998,43.880001,45.16,45.16,16176900
802,2017-07-28,44.700001,45.960999,44.200001,45.220001,45.220001,8919300
803,2017-07-31,45.27,45.984001,44.439999,45.169998,45.169998,11473100
804,2017-08-01,45.82,45.91,45.25,45.549999,45.549999,6188500
805,2017-08-02,45.549999,45.75,44.16,45.25,45.25,7937700
806,2017-08-03,45.490002,45.73,44.66,45.299999,45.299999,8277600
807,2017-08-04,45.599998,46.415001,45.34,46.400002,46.400002,5775800
808,2017-08-07,46.639999,47.950001,46.27,47.560001,47.560001,10439200
809,2017-08-08,47.919998,48.990002,47.630001,48.150002,48.150002,16061900
810,2017-08-09,47.639999,47.880001,46.889999,47.84,47.84,10069800
811,2017-08-10,47.5,47.849998,45.759998,46.09,46.09,12381900
812,2017-08-11,45.5,46.213001,44.91,45.900002,45.900002,16163500
813,2017-08-14,45.0,45.450001,43.060001,44.25,44.25,36778800
814,2017-08-15,44.939999,44.98,43.259998,44.049999,44.049999,18834700
815,2017-08-16,44.470001,44.950001,43.459999,43.650002,43.650002,14150300
816,2017-08-17,43.040001,43.150002,40.75,40.799999,40.799999,30669000
817,2017-08-18,41.060001,41.169998,39.93,40.130001,40.130001,19114600
818,2017-08-21,40.400002,41.470001,40.209999,41.259998,41.259998,17220900
819,2017-08-22,41.869999,42.215,41.150002,42.150002,42.150002,15564100
820,2017-08-23,42.130001,43.060001,41.849998,42.439999,42.439999,14382400
821,2017-08-24,42.810001,42.959999,41.450001,42.07,42.07,13507700
822,2017-08-25,42.040001,42.139999,40.360001,40.869999,40.869999,15744900
823,2017-08-28,41.0,41.122002,39.43,40.349998,40.349998,14718900
824,2017-08-29,39.400002,41.07,39.330002,40.84,40.84,9388100
825,2017-08-30,40.900002,42.049999,40.895,41.939999,41.939999,9590300
826,2017-08-31,42.380001,42.509998,41.396999,41.91,41.91,9956700
827,2017-09-01,41.93,42.490002,41.68,41.990002,41.990002,6093400
828,2017-09-05,41.525002,41.880001,40.970001,41.400002,41.400002,9546100
829,2017-09-06,41.700001,42.18,41.134998,41.639999,41.639999,7886000
830,2017-09-07,41.73,42.132999,41.57,41.830002,41.830002,5668100
831,2017-09-08,41.759998,41.956001,41.07,41.150002,41.150002,7008300
832,2017-09-11,41.709999,42.5,41.709999,42.040001,42.040001,10256600
833,2017-09-12,42.360001,43.5,41.810001,43.290001,43.290001,14168300
834,2017-09-13,43.450001,45.279999,43.360001,45.27,45.27,20095000
835,2017-09-14,44.84,45.93,44.52,45.25,45.25,12954300
836,2017-09-15,45.584999,45.599998,44.700001,44.91,44.91,16910700
837,2017-09-18,45.450001,45.830002,44.709999,44.740002,44.740002,11368500
838,2017-09-19,45.0,45.040001,43.830002,44.330002,44.330002,9301600
839,2017-09-20,44.389999,44.549999,43.715,44.439999,44.439999,8014200
840,2017-09-21,43.900002,43.959999,42.41,42.98,42.98,14574100
841,2017-09-22,42.48,42.68,42.16,42.369999,42.369999,11622100
842,2017-09-25,42.040001,42.09,40.470001,40.93,40.93,17094900
843,2017-09-26,41.560001,41.779999,40.110001,40.32,40.32,15067500
844,2017-09-27,40.709999,40.84,39.330002,39.709999,39.709999,20020400
845,2017-09-28,39.48,39.5,38.209999,38.650002,38.650002,24883300
846,2017-09-29,38.375,38.830002,37.82,38.200001,38.200001,23315400
847,2017-10-02,38.400002,39.939999,38.299999,39.099998,39.099998,18686100
848,2017-10-03,39.93,40.23,39.099998,39.209999,39.209999,15964200
849,2017-10-04,39.209999,39.209999,37.610001,38.34,38.34,21458600
850,2017-10-05,38.619999,39.265999,38.209999,39.139999,39.139999,11729200
851,2017-10-06,38.98,39.719002,38.932999,39.240002,39.240002,9685900
852,2017-10-09,39.400002,39.470001,38.689999,38.91,38.91,9505400
853,2017-10-10,39.290001,40.290001,39.099998,40.169998,40.169998,16530300
854,2017-10-11,40.369999,40.419998,39.52,39.619999,39.619999,14071800
855,2017-10-12,39.599998,39.619999,38.439999,38.509998,38.509998,14544900
856,2017-10-13,38.709999,38.970001,38.439999,38.720001,38.720001,13047400
857,2017-10-16,40.139999,40.150002,38.959999,39.669998,39.669998,19939400
858,2017-10-17,39.950001,40.150002,39.369999,39.59,39.59,12073600
859,2017-10-18,40.0,40.77,39.57,40.32,40.32,19064600
860,2017-10-19,39.799999,40.18,39.209999,39.380001,39.380001,16381200
861,2017-10-20,39.700001,39.75,38.689999,39.0,39.0,20233500
862,2017-10-23,39.150002,39.200001,38.330002,38.43,38.43,13575900
863,2017-10-24,38.66,38.814999,38.459999,38.52,38.52,11847100
864,2017-10-25,38.549999,38.970001,37.130001,37.400002,37.400002,22016400
865,2017-10-26,37.560001,37.68,36.709999,36.810001,36.810001,19145500
866,2017-10-27,37.009998,37.470001,35.79000100000001,37.360001,37.360001,23630700
867,2017-10-30,37.810001,37.869999,36.939999,37.419998,37.419998,15653100
868,2017-10-31,37.84,38.029999,37.275002,37.52,37.52,13581700
869,2017-11-01,38.0,38.310001,37.720001,37.860001,37.860001,15800100
870,2017-11-02,38.240002,38.669998,37.665001,37.880001,37.880001,17726800
871,2017-11-03,38.400002,38.610001,38.209999,38.419998,38.419998,15409200
872,2017-11-06,39.009998,39.18,38.599998,39.009998,39.009998,14493500
873,2017-11-07,39.689999,39.900002,39.09,39.790001,39.790001,14580100
874,2017-11-08,39.91,40.830002,39.849998,40.330002,40.330002,17107200
875,2017-11-09,40.189999,40.220001,38.889999,39.799999,39.799999,16914800
876,2017-11-10,39.830002,40.400002,39.169998,39.959999,39.959999,16868900
877,2017-11-13,41.970001,42.77,40.849998,41.34,41.34,43667300
878,2017-11-14,41.0,41.049999,38.25,38.900002,38.900002,38892800
879,2017-11-15,38.5,39.380001,37.790001,39.349998,39.349998,19456400
880,2017-11-16,39.639999,40.580002,39.34,40.220001,40.220001,18078600
881,2017-11-17,40.34,40.73,39.950001,40.25,40.25,16665600
882,2017-11-20,40.360001,40.450001,38.900002,39.200001,39.200001,20091100
883,2017-11-21,39.494999,40.369999,39.494999,39.880001,39.880001,13821400
884,2017-11-22,40.200001,40.459999,39.450001,39.790001,39.790001,9320000
885,2017-11-24,39.720001,39.73,39.049999,39.209999,39.209999,7256300
886,2017-11-27,39.0,39.130001,38.52,38.66,38.66,9577500
887,2017-11-28,38.759998,38.959999,38.299999,38.57,38.57,8241800
888,2017-11-29,38.400002,38.610001,37.099998,37.830002,37.830002,18255700
889,2017-11-30,37.869999,38.0,37.119999,37.450001,37.450001,16357700
890,2017-12-01,37.02,37.68,36.540001,37.27,37.27,13552500
891,2017-12-04,37.77,38.25,36.66,36.75,36.75,15756800
892,2017-12-05,36.040001,37.630001,35.810001,37.299999,37.299999,16057300
893,2017-12-06,36.709999,37.849998,36.549999,37.82,37.82,14647400
894,2017-12-07,37.830002,38.330002,37.73,38.130001,38.130001,16026000
895,2017-12-08,38.41,38.779999,37.919998,38.009998,38.009998,9479300
896,2017-12-11,38.049999,38.549999,37.610001,38.459999,38.459999,9114500
897,2017-12-12,38.240002,38.814999,38.029999,38.560001,38.560001,9126400
898,2017-12-13,39.02,40.91,38.900002,40.799999,40.799999,28073700
899,2017-12-14,40.400002,40.990002,39.880001,40.630001,40.630001,22350200
900,2017-12-15,40.459999,40.59,39.900002,40.32,40.32,24030500
901,2017-12-18,42.0,42.09,41.360001,41.68,41.68,20053300
902,2017-12-19,41.610001,43.48,41.610001,42.970001,42.970001,31675300
903,2017-12-20,42.709999,43.09,41.439999,42.16,42.16,21883600
904,2017-12-21,42.200001,42.700001,41.970001,42.27,42.27,7217700
905,2017-12-22,42.310001,42.860001,41.900002,42.189999,42.189999,7162100
906,2017-12-26,41.959999,42.419998,41.645,42.139999,42.139999,6323900
907,2017-12-27,42.18,42.630001,41.709999,42.290001,42.290001,7002200
908,2017-12-28,42.310001,42.470001,41.599998,41.630001,41.630001,6835600
909,2017-12-29,41.669998,41.861000000000004,41.306999,41.419998,41.419998,4815900
910,2018-01-02,42.139999,43.5,41.900002,43.279999,43.279999,18131200
911,2018-01-03,43.720001,43.900002,43.111000000000004,43.509998,43.509998,12451000
912,2018-01-04,43.959999,44.080002,43.130001,43.669998,43.669998,9994200
913,2018-01-05,44.0,45.830002,43.889999,45.639999,45.639999,18182600
914,2018-01-08,45.674999,46.5,45.560001,46.099998,46.099998,14483400
915,2018-01-09,46.490002,46.799999,45.790001,46.130001,46.130001,12380900
916,2018-01-10,45.439999,46.5,45.169998,46.450001,46.450001,11890800
917,2018-01-11,46.5,46.73,45.82,46.610001,46.610001,9719200
918,2018-01-12,46.68,47.23,46.285,46.400002,46.400002,9367200
919,2018-01-16,47.32,47.400002,45.919998,46.459999,46.459999,13359700
920,2018-01-17,46.900002,46.93,46.02,46.610001,46.610001,6950800
921,2018-01-18,46.689999,46.799999,45.599998,45.900002,45.900002,10400900
922,2018-01-19,46.150002,46.400002,45.57,46.02,46.02,6650600
923,2018-01-22,45.509998,45.599998,43.34,45.259998,45.259998,18430400
924,2018-01-23,45.400002,45.700001,44.34,45.18,45.18,13589700
925,2018-01-24,45.43,47.939999,45.419998,46.740002,46.740002,20874600
926,2018-01-25,46.740002,47.740002,46.349998,47.380001,47.380001,14501100
927,2018-01-26,48.23,50.549999,48.105999,50.5,50.5,25705400
928,2018-01-29,50.599998,50.68,49.709999,49.939999,49.939999,15783500
929,2018-01-30,48.75,49.43,48.220001,49.259998,49.259998,13418000
930,2018-01-31,49.740002,50.169998,49.035,49.23,49.23,18376300
931,2018-02-01,46.889999,49.25,45.5,47.549999,47.549999,19814400
932,2018-02-02,47.990002,48.02,45.919998,46.029999,46.029999,15944200
933,2018-02-05,45.029999,47.639999,44.110001,44.599998,44.599998,19415700
934,2018-02-06,43.060001,45.299999,42.599998,45.049999,45.049999,20648900
935,2018-02-07,44.970001,45.330002,44.220001,44.389999,44.389999,14960200
936,2018-02-08,44.84,44.84,42.169998,42.25,42.25,16458400
937,2018-02-09,42.619999,43.41,40.93,42.93,42.93,18336700
938,2018-02-12,43.68,44.095001,43.040001,43.720001,43.720001,11475800
939,2018-02-13,43.77,44.740002,43.57,44.549999,44.549999,8432100
940,2018-02-14,44.84,47.25,44.720001,46.860001,46.860001,16727000
941,2018-02-15,47.779999,47.91,46.259998,47.110001,47.110001,9799800
942,2018-02-16,47.099998,47.299999,46.299999,46.419998,46.419998,7362600
943,2018-02-20,46.34,47.919998,46.299999,46.93,46.93,10756800
944,2018-02-21,47.529999,48.799999,47.130001,47.16,47.16,14555600
945,2018-02-22,47.93,48.009998,47.16,47.810001,47.810001,9622200
946,2018-02-23,48.220001,48.360001,47.48,48.349998,48.349998,9730500
947,2018-02-26,49.0,49.0,48.189999,48.799999,48.799999,9126900
948,2018-02-27,48.57,48.720001,46.990002,47.040001,47.040001,12688600
949,2018-02-28,47.459999,48.18,46.799999,47.150002,47.150002,12227800
950,2018-03-01,47.099998,47.650002,45.049999,46.209999,46.209999,15883200
951,2018-03-02,42.98,43.990002,41.799999,43.799999,43.799999,34897000
952,2018-03-05,43.369999,43.650002,41.889999,42.990002,42.990002,22091000
953,2018-03-06,43.529999,43.709999,42.689999,43.139999,43.139999,14014400
954,2018-03-07,42.799999,44.540001,42.610001,44.41,44.41,11848600
955,2018-03-08,44.509998,45.709999,44.5,45.389999,45.389999,15116800
956,2018-03-09,45.709999,46.130001,45.290001,45.709999,45.709999,10069700
957,2018-03-12,46.02,46.310001,45.450001,46.009998,46.009998,8896200
958,2018-03-13,46.0,46.0,43.900002,44.32,44.32,15869300
959,2018-03-14,44.384998,45.150002,44.049999,44.09,44.09,11801600
960,2018-03-15,45.080002,45.48,44.380001,44.939999,44.939999,14166500
961,2018-03-16,44.990002,45.220001,44.75,44.970001,44.970001,14659400
962,2018-03-19,44.259998,44.689999,43.43,44.150002,44.150002,19223700
963,2018-03-20,44.240002,44.360001,43.75,44.0,44.0,11270600
964,2018-03-21,44.360001,44.669998,43.400002,43.509998,43.509998,14568900
965,2018-03-22,42.939999,43.060001,41.599998,42.509998,42.509998,18312600
966,2018-03-23,42.299999,42.889999,40.660999,40.869999,40.869999,18935900
967,2018-03-26,41.970001,42.400002,41.0,41.849998,41.849998,13573800
968,2018-03-27,42.200001,42.290001,40.330002,40.709999,40.709999,15262400
969,2018-03-28,40.34,40.400002,39.119999,40.009998,40.009998,21590700
970,2018-03-29,40.240002,41.0,40.18,40.490002,40.490002,11619600
971,2018-04-02,40.09,40.52,38.68,39.080002,39.080002,14019000
972,2018-04-03,39.599998,39.66,38.439999,38.98,38.98,9496700
973,2018-04-04,37.799999,39.630001,37.751999,39.439999,39.439999,11933700
974,2018-04-05,40.0,40.439999,39.91,40.189999,40.189999,10002800
975,2018-04-06,39.549999,40.040001,38.91,39.23,39.23,12637000
976,2018-04-09,39.889999,41.049999,39.560001,40.07,40.07,9335200
977,2018-04-10,41.27,41.299999,40.18,40.700001,40.700001,7605100
978,2018-04-11,40.439999,41.049999,40.41,40.459999,40.459999,6299600
979,2018-04-12,40.630001,40.994999,40.419998,40.599998,40.599998,5957300
980,2018-04-13,40.400002,40.52,39.580002,39.799999,39.799999,8288500
981,2018-04-16,39.889999,40.07,39.490002,39.93,39.93,5445300
982,2018-04-17,40.119999,40.580002,39.810001,40.27,40.27,9740200
983,2018-04-18,40.5,40.5,39.509998,40.18,40.18,9516600
984,2018-04-19,40.139999,40.34,38.610001,38.900002,38.900002,16780100
985,2018-04-20,37.34,37.490002,36.5,37.439999,37.439999,25691700
986,2018-04-23,37.41,37.759998,36.740002,37.0,37.0,12407800
987,2018-04-24,37.369999,37.549999,35.459999,35.869999,35.869999,19627300
988,2018-04-25,35.79000100000001,36.240002,34.880001,35.880001,35.880001,10914300
989,2018-04-26,36.130001,36.900002,36.115002,36.5,36.5,9146300
990,2018-04-27,37.099998,37.188,36.330002,36.759998,36.759998,8360300
991,2018-04-30,37.080002,37.09,36.150002,36.509998,36.509998,8537900
992,2018-05-01,36.299999,37.5,36.290001,37.470001,37.470001,10001100
993,2018-05-02,37.27,37.494999,36.939999,37.080002,37.080002,8285200
994,2018-05-03,36.900002,37.439999,36.200001,37.200001,37.200001,11486400
995,2018-05-04,36.549999,37.849998,36.400002,37.669998,37.669998,14010700
996,2018-05-07,38.240002,38.91,38.0,38.720001,38.720001,19097200
997,2018-05-08,38.18,38.290001,36.549999,36.939999,36.939999,26166400
998,2018-05-09,36.75,37.400002,36.509998,37.139999,37.139999,13651200
999,2018-05-10,37.139999,37.252998,36.700001,36.849998,36.849998,9592100
1000,2018-05-11,37.02,37.200001,36.689999,36.950001,36.950001,6867200
1001,2018-05-14,37.25,37.759998,37.07,37.169998,37.169998,8145800
1002,2018-05-15,36.73,36.93,35.93,36.119999,36.119999,11197100
1003,2018-05-16,36.400002,36.755001,36.16,36.43,36.43,9408400
1004,2018-05-17,36.34,36.740002,35.687,35.959999,35.959999,10110100
1005,2018-05-18,36.0,36.02,35.549999,35.709999,35.709999,9266900
1006,2018-05-21,36.209999,36.950001,36.07,36.279999,36.279999,13780800
1007,2018-05-22,36.27,36.869999,36.27,36.360001,36.360001,9000100
1008,2018-05-23,36.18,37.18,36.009998,36.720001,36.720001,18612800
1009,2018-05-24,36.900002,37.139999,36.48,36.700001,36.700001,13841200
1010,2018-05-25,36.799999,37.150002,36.75,36.869999,36.869999,7838000
1011,2018-05-29,36.700001,37.0,36.099998,36.529999,36.529999,9676900
1012,2018-05-30,36.349998,36.540001,35.669998,35.799999,35.799999,10801600
1013,2018-05-31,35.93,36.02,34.759998,35.18,35.18,20143500
1014,2018-06-01,35.57,36.259998,35.54000100000001,36.09,36.09,12397700
1015,2018-06-04,36.490002,38.18,36.382,38.16,38.16,20349000
1016,2018-06-05,39.0,39.459999,38.509998,38.869999,38.869999,19386900
1017,2018-06-06,39.25,40.68,39.200001,40.400002,40.400002,21989200
1018,2018-06-07,40.790001,40.84,38.919998,39.5,39.5,13793200
1019,2018-06-08,38.990002,40.41,38.959999,39.919998,39.919998,12679800
1020,2018-06-11,40.080002,40.080002,39.23,39.639999,39.639999,8980100
1021,2018-06-12,39.860001,41.470001,39.700001,41.470001,41.470001,16751900
1022,2018-06-13,41.459999,41.880001,40.562,41.25,41.25,15571200
1023,2018-06-14,41.119999,43.959999,41.110001,43.75,43.75,28735700
1024,2018-06-15,42.810001,43.880001,42.049999,43.59,43.59,24615500
1025,2018-06-18,45.029999,45.23,43.119999,43.759998,43.759998,45450800
1026,2018-06-19,42.0,42.369999,40.889999,41.889999,41.889999,27377500
1027,2018-06-20,42.66,42.720001,41.360001,41.68,41.68,16169900
1028,2018-06-21,41.470001,41.59,40.41,40.82,40.82,14422100
1029,2018-06-22,41.139999,41.189999,40.369999,40.82,40.82,9409900
1030,2018-06-25,39.939999,40.0,38.799999,39.18,39.18,17566700
1031,2018-06-26,39.560001,39.759998,39.049999,39.470001,39.470001,10262200
1032,2018-06-27,39.5,40.209999,38.290001,38.389999,38.389999,15704000
1033,2018-06-28,38.41,38.98,37.93,38.93,38.93,9852700
1034,2018-06-29,39.150002,39.869999,38.75,38.950001,38.950001,10243900
1035,2018-07-02,38.009998,38.799999,37.869999,38.790001,38.790001,12932300
1036,2018-07-03,39.18,39.209999,38.349998,38.380001,38.380001,5953300
1037,2018-07-05,38.540001,38.869999,37.779999,38.540001,38.540001,9390600
1038,2018-07-06,38.279999,39.529999,38.16,39.459999,39.459999,11616800
1039,2018-07-09,39.990002,40.040001,39.290001,39.400002,39.400002,9902600
1040,2018-07-10,39.490002,39.959999,38.419998,38.59,38.59,10153700
1041,2018-07-11,37.860001,38.23,37.389999,37.950001,37.950001,10935300
1042,2018-07-12,38.27,38.77,38.009998,38.52,38.52,9926600
1043,2018-07-13,38.529999,38.77,37.959999,38.27,38.27,6937000
1044,2018-07-16,38.299999,38.310001,37.790001,38.040001,38.040001,6270900
1045,2018-07-17,37.700001,38.169998,37.599998,37.990002,37.990002,8431800
1046,2018-07-18,37.959999,38.09,37.049999,37.529999,37.529999,15027500
1047,2018-07-19,37.189999,37.240002,36.779999,36.880001,36.880001,8132900
1048,2018-07-20,36.849998,36.900002,35.259998,35.509998,35.509998,30111000
1049,2018-07-23,35.939999,36.139999,35.470001,35.66,35.66,9977700
1050,2018-07-24,36.27,36.700001,35.215,35.310001,35.310001,13768100
1051,2018-07-25,35.580002,37.110001,35.380001,36.919998,36.919998,17787700
1052,2018-07-26,36.220001,37.400002,36.220001,36.639999,36.639999,10394200
1053,2018-07-27,37.150002,37.365002,35.86000100000001,36.209999,36.209999,10426700
1054,2018-07-30,36.18,36.290001,34.860001000000004,35.16,35.16,13689200
1055,2018-07-31,35.189999,35.889999,34.900002,35.86000100000001,35.86000100000001,14307800
1056,2018-08-01,35.580002,36.889999,35.560001,36.279999,36.279999,13061300
1057,2018-08-02,35.400002,36.34,35.130001,36.290001,36.290001,12221600
1058,2018-08-03,36.48,36.714001,35.810001,36.169998,36.169998,6754000
1059,2018-08-06,36.060001,36.110001,35.529999,35.900002,35.900002,9665800
1060,2018-08-07,36.290001,36.700001,35.922001,36.5,36.5,9422900
1061,2018-08-08,36.57,36.799999,35.959999,36.0,36.0,8673200
1062,2018-08-09,36.27,36.622002,35.959999,36.02,36.02,8157100
1063,2018-08-10,35.619999,35.904999,35.470001,35.79000100000001,35.79000100000001,8677600
1064,2018-08-13,35.580002,35.66,34.540001000000004,35.07,35.07,15524300
1065,2018-08-14,34.59,34.59,33.02,33.869999,33.869999,33338500
1066,2018-08-15,32.130001,32.560001,31.48,32.360001000000004,32.360001000000004,46803300
1067,2018-08-16,32.0,33.200001,31.18,31.969999,31.969999,46628200
1068,2018-08-17,31.83,32.445,31.07,32.220001,32.220001,20065900
1069,2018-08-20,32.610001000000004,33.279999,32.599998,33.040001000000004,33.040001000000004,15729400
1070,2018-08-21,33.41,33.599998,32.459999,32.799999,32.799999,12379400
1071,2018-08-22,32.75,32.849998,32.310001,32.34,32.34,15485900
1072,2018-08-23,32.740002000000004,33.049999,31.129999,31.389999,31.389999,23523300
1073,2018-08-24,31.549999,31.656,31.264999,31.4,31.4,12823200
1074,2018-08-27,31.98,32.805,31.77,32.669998,32.669998,16679800
1075,2018-08-28,32.98,32.990002000000004,31.809999,32.16,32.16,14949800
1076,2018-08-29,32.029999,32.389999,31.905001,31.950001,31.950001,9591500
1077,2018-08-30,31.65,31.82,30.761,31.0,31.0,15360700
1078,2018-08-31,30.66,31.459999,30.52,31.299999,31.299999,10738200
1079,2018-09-04,30.01,30.030001,29.059999,29.43,29.43,47842200
1080,2018-09-05,27.959999,28.049999,26.0,26.299999,26.299999,82488000
1081,2018-09-06,27.24,27.934999,26.559999,27.25,27.25,41710600
1082,2018-09-07,27.209999,27.41,26.700001,26.950001,26.950001,26661500
1083,2018-09-10,26.75,26.85,26.110001,26.530001,26.530001,21667300
1084,2018-09-11,26.040001,27.4,25.9,27.09,27.09,22625800
1085,2018-09-12,26.98,27.76,26.719999,27.629999,27.629999,21283700
1086,2018-09-13,28.309999,29.02,27.551001,27.76,27.76,28412900
1087,2018-09-14,27.91,28.030001,27.040001,27.110001,27.110001,16352900
1088,2018-09-17,26.125,26.184999,25.33,25.73,25.73,27869800
1089,2018-09-18,25.9,26.09,25.27,25.75,25.75,17188100
1090,2018-09-19,26.120001,27.110001,26.120001,26.92,26.92,16091900
1091,2018-09-20,27.200001,27.264999,26.65,26.93,26.93,15135100
1092,2018-09-21,27.309999,27.35,26.25,26.49,26.49,14918400
1093,2018-09-24,25.059999,25.530001,24.379999,24.51,24.51,34559200
1094,2018-09-25,24.799999,24.84,24.4,24.540001,24.540001,19370200
1095,2018-09-26,24.719999,25.860001,24.66,25.200001,25.200001,31064300
1096,2018-09-27,25.4,25.889999,25.280001,25.43,25.43,15062000
1097,2018-09-28,25.299999,26.23,25.299999,26.09,26.09,13787600
1098,2018-10-01,26.030001,26.26,25.379999,25.49,25.49,11217300
1099,2018-10-02,25.1,25.4,24.540001,24.9,24.9,14443500
1100,2018-10-03,25.15,25.440001,24.790001,25.139999,25.139999,10944400
1101,2018-10-04,24.780001,24.85,24.061999999999998,24.32,24.32,15836800
1102,2018-10-05,24.200001,24.25,23.370001,23.620001,23.620001,18050500
1103,2018-10-08,23.02,24.24,22.65,23.889999,23.889999,18179800
1104,2018-10-09,23.450001,24.200001,23.34,23.780001,23.780001,13740200
1105,2018-10-10,23.450001,23.549999,22.700001,22.709999,22.709999,21411600
1106,2018-10-11,22.52,23.66,22.5,23.48,23.48,25140000
1107,2018-10-12,24.540001,24.9,23.74,24.450001,24.450001,20258500
1108,2018-10-15,24.110001,24.639999,23.799999,24.139999,24.139999,11138200
1109,2018-10-16,24.5,24.700001,24.08,24.629999,24.629999,11689500
1110,2018-10-17,24.52,24.610001,23.459999,23.68,23.68,15378700
1111,2018-10-18,23.5,24.131999999999998,23.219999,23.33,23.33,15582300
1112,2018-10-19,23.940001,23.950001,22.950001,23.01,23.01,12970000
1113,2018-10-22,23.860001,24.110001,23.299999,23.540001,23.540001,13939900
1114,2018-10-23,22.610001,23.59,22.33,23.23,23.23,17949600
1115,2018-10-24,23.18,23.200001,21.690001,21.76,21.76,22822200
1116,2018-10-25,22.049999,22.59,21.91,22.559999,22.559999,13311900
